,range_with_E0.5,original_fluc_rate,after_fluc_rate,original_fluc_points,after_fluc_points
0,abs,7302.94,101.63999999999999,60,3
1,range,7302.94,1132.1400000000012,60,20
2,range,7302.94,1.2505552149377763e-12,60,11
3,range_with_E0.5,7302.94,1.0231815394945443e-12,60,8
