,sequence_length,total_fluctuation_sum,total_fluctuation_mean,total_fluctuation_max,average_fluctuation_mean,max_fluctuation_max,count
0,1,47984.62000000015,50.83116525423745,307.06,50.83116525423745,307.06,944
1,2,9293.300000000007,163.0403508771931,468.53999999999996,81.52017543859655,349.8299999999999,57
2,3,6084.1500000000015,289.72142857142865,839.1099999999999,96.57380952380954,560.1,21
3,4,3545.2800000000007,590.8800000000001,1083.91,147.72000000000003,685.3699999999999,6
4,5,2707.46,541.492,715.6700000000001,108.29840000000002,225.91000000000008,5
5,6,1461.0600000000004,487.02000000000015,699.0300000000001,81.17000000000003,196.2800000000001,3
6,7,858.1100000000002,858.1100000000002,858.1100000000002,122.5871428571429,228.14,1
