,range_with_E0.5,original_fluc_rate,after_fluc_rate,original_fluc_points,after_fluc_points
0,abs,3523.089999999999,903.9399999999998,57,13
1,range,3523.089999999999,1059.1400000000008,57,16
2,range,3523.089999999999,1.8189894035458565e-12,57,9
3,range_with_E0.5,3523.089999999999,50.94000000000176,57,13
