,range_with_E0.5,original_fluc_rate,after_fluc_rate,original_fluc_points,after_fluc_points
0,abs,8202.630000000001,1545.6200000000003,56,15
1,range,8202.630000000001,3136.9600000000014,56,27
2,range,8202.630000000001,166.31000000000142,56,17
3,range_with_E0.5,8202.630000000001,676.0000000000022,56,20
