,sequence_length,total_fluctuation_sum,total_fluctuation_mean,total_fluctuation_max,average_fluctuation_mean,max_fluctuation_max,count
0,1,72522.74,110.89103975535168,788.3999999999999,110.89103975535168,788.3999999999999,654
1,2,58649.19,245.39410041841006,1330.52,122.69705020920503,1033.96,239
2,3,38032.69,404.603085106383,1136.98,134.867695035461,561.04,94
3,4,22191.5,583.9868421052631,1769.8900000000003,145.99671052631578,1218.6799999999998,38
4,5,9737.08,749.0061538461539,1373.9500000000003,149.80123076923078,572.58,13
5,6,10391.49,799.3453846153845,1625.33,133.22423076923076,541.1200000000001,13
6,7,6009.69,858.5271428571428,1360.3,122.64673469387755,403.86,7
7,8,2278.56,1139.28,1307.79,142.41,502.98,2
8,9,3209.07,1069.69,1590.78,118.85444444444444,439.46,3
